<?xml version="1.0" encoding="UTF-8"?>

<mule xmlns:context="http://www.springframework.org/schema/context" xmlns:mongo="http://www.mulesoft.org/schema/mule/mongo" xmlns:tracking="http://www.mulesoft.org/schema/mule/ee/tracking" xmlns:http="http://www.mulesoft.org/schema/mule/http" xmlns:json="http://www.mulesoft.org/schema/mule/json" xmlns="http://www.mulesoft.org/schema/mule/core" xmlns:doc="http://www.mulesoft.org/schema/mule/documentation"
	xmlns:spring="http://www.springframework.org/schema/beans" version="EE-3.6.1"
	xmlns:xsi="http://www.w3.org/2001/XMLSchema-instance"
	xsi:schemaLocation="http://www.springframework.org/schema/beans http://www.springframework.org/schema/beans/spring-beans-current.xsd
http://www.mulesoft.org/schema/mule/core http://www.mulesoft.org/schema/mule/core/current/mule.xsd
http://www.mulesoft.org/schema/mule/http http://www.mulesoft.org/schema/mule/http/current/mule-http.xsd
http://www.mulesoft.org/schema/mule/json http://www.mulesoft.org/schema/mule/json/current/mule-json.xsd
http://www.mulesoft.org/schema/mule/ee/tracking http://www.mulesoft.org/schema/mule/ee/tracking/current/mule-tracking-ee.xsd
http://www.mulesoft.org/schema/mule/mongo http://www.mulesoft.org/schema/mule/mongo/current/mule-mongo.xsd
http://www.springframework.org/schema/context http://www.springframework.org/schema/context/spring-context-current.xsd">

    <http:listener-config name="HTTP_Listener_Configuration" host="0.0.0.0" port="8081" doc:name="HTTP Listener Configuration"/>
    <mongo:config name="Mongo_DB" username="${mongo.username}" password="${mongo.password}" database="${mongo.database}" doc:name="Mongo DB" host="${mongo.host}" port="${mongo.port}"/>
    <context:property-placeholder location="demo-app.properties"/>

    <flow name="html-form-flow">
        <http:listener config-ref="HTTP_Listener_Configuration" path="/" doc:name="HTTP"/>
        <parse-template location="form.html" doc:name="Parse Template"/>
        <set-property value="text/html" propertyName="Content-Type" doc:name="Property" />
    </flow>
    
    <flow name="create-mongo-record-flow">
        <http:listener config-ref="HTTP_Listener_Configuration" path="/create" doc:name="HTTP"/>
        <logger message="Creating record in Mongo. Message will be '#[payload.message]'" level="ERROR" doc:name="Logger"/>
        <mongo:save-object-from-map collection="${mongo.defaultCollection}" config-ref="Mongo_DB" doc:name="Save record to Mongo">
        	<mongo:element-attributes ref="#[payload]" />
        </mongo:save-object-from-map>
        <json:object-to-json-transformer doc:name="Object to JSON"/>
    </flow>
    
    <flow name="delete-mongo-record-flow">
        <http:listener config-ref="HTTP_Listener_Configuration" path="/delete" doc:name="HTTP"/>
		<set-variable variableName="objectId" value="#[new org.bson.types.ObjectId(payload.deleteObjectId)]" doc:name="Variable"/>
        <logger message="Deleting entry from Mongo with ID #[payload.deleteObjectId]" level="INFO" doc:name="Logger"/>
		<mongo:remove-objects-using-query-map collection="${mongo.defaultCollection}" config-ref="Mongo_DB" doc:name="Mongo DB">
            <mongo:query-attributes>
            	<mongo:query-attribute key="_id">#[flowVars.objectId]</mongo:query-attribute>
            </mongo:query-attributes>
        </mongo:remove-objects-using-query-map>
        <json:object-to-json-transformer doc:name="Object to JSON"/>
    </flow>
    
    <flow name="update-mongo-record-flow">
        <http:listener config-ref="HTTP_Listener_Configuration" path="/update" doc:name="HTTP"/>
        <set-variable variableName="objectId" value="#[new org.bson.types.ObjectId(payload.updateObjectId)]" doc:name="Variable"/>
        <set-variable variableName="updateText" value="#[payload.updateValue]" doc:name="Variable"/>
        <logger message="Updating Mongo entry with ID #[payload.updateObjectId]. New 'message' value will be '#[payload.updateValue]'" level="INFO" doc:name="Logger"/>
        <mongo:update-objects-using-map config-ref="Mongo_DB" collection="${mongo.defaultCollection}" multi="false" doc:name="Mongo DB">
            <mongo:query-attributes>
                <mongo:query-attribute key="_id">#[flowVars.objectId]</mongo:query-attribute>
            </mongo:query-attributes>
            <mongo:element-attributes>
                <mongo:element-attribute key="message">#[flowVars.updateText]</mongo:element-attribute>
            </mongo:element-attributes>
        </mongo:update-objects-using-map>
        <set-payload value="#[payload.updateObjectId]" doc:name="Set Payload"/>
    </flow>
    
    <flow name="read-mongo-record-flow">
        <http:listener config-ref="HTTP_Listener_Configuration" path="/read" doc:name="HTTP"/>
        <logger level="INFO" doc:name="Logger" message="Finding a single record that has 'message' equal to '#[payload.message]'"/>
		<mongo:find-one-object-using-query-map config-ref="Mongo_DB" collection="${mongo.defaultCollection}" doc:name="Mongo DB">
            <mongo:query-attributes ref="#[payload]"/>
        </mongo:find-one-object-using-query-map>
        <set-payload value="#[payload['_id'].toString()]" doc:name="Set Payload"/>
    </flow>
</mule>
